insert into coordinates (id, x, y) values (1, -37.1468126, 175.5477294);
insert into coordinates (id, x, y) values (2, 60.9116468, 34.1661641);
insert into coordinates (id, x, y) values (3, 21.0694762, 107.3139304);
insert into coordinates (id, x, y) values (4, 59.3687545, 17.9778073);
insert into coordinates (id, x, y) values (5, 52.6973953, 21.8470553);
insert into coordinates (id, x, y) values (6, 29.8867765, -95.5491595);
insert into coordinates (id, x, y) values (7, -20.1514708, -44.2010909);
insert into coordinates (id, x, y) values (8, 51.8885086, -8.445614);
insert into coordinates (id, x, y) values (9, -8.0925, 111.9417);
insert into coordinates (id, x, y) values (10, -23.0931156, -46.9513691);
insert into coordinates (id, x, y) values (11, 57.3690549, 22.591118);
insert into coordinates (id, x, y) values (12, 30.20003, 115.038835);
insert into coordinates (id, x, y) values (13, 5.1088508, 97.5788975);
insert into coordinates (id, x, y) values (14, 40.7172049, -8.3625148);
insert into coordinates (id, x, y) values (15, 57.9887927, 56.1415665);
insert into coordinates (id, x, y) values (16, -28.4866323, -59.3540025);
insert into coordinates (id, x, y) values (17, 19.3174558, -99.1103392);
insert into coordinates (id, x, y) values (18, 13.4960361, -88.5299428);
insert into coordinates (id, x, y) values (19, 50.9648271, 6.9538234);
insert into coordinates (id, x, y) values (20, 40.23921, 116.12895);
insert into coordinates (id, x, y) values (21, -4.203866, 36.927071);
insert into coordinates (id, x, y) values (22, 57.1785037, 14.0676645);
insert into coordinates (id, x, y) values (23, -14.1, -70.2);
insert into coordinates (id, x, y) values (24, 24.062988, 115.625839);
insert into coordinates (id, x, y) values (25, 48.8295482, 107.0468263);
insert into coordinates (id, x, y) values (26, 48.5686975, 113.2344326);
insert into coordinates (id, x, y) values (27, 60.0209443, 44.9318159);
insert into coordinates (id, x, y) values (28, 48.840109, 2.586253);
insert into coordinates (id, x, y) values (29, 33.6682421, -117.7659237);
insert into coordinates (id, x, y) values (30, 43.9576632, 43.6312634);
insert into coordinates (id, x, y) values (31, 44.982137, 38.9254064);
insert into coordinates (id, x, y) values (32, 55.224467, 45.8810866);
insert into coordinates (id, x, y) values (33, 58.4005878, 13.7982616);
insert into coordinates (id, x, y) values (34, 41.107107, 120.749727);
insert into coordinates (id, x, y) values (35, -6.4347, 106.0015);
insert into coordinates (id, x, y) values (36, 50.0138436, 18.9779408);
insert into coordinates (id, x, y) values (37, 33.20206, 105.278491);
insert into coordinates (id, x, y) values (38, 50.8305647, 33.8815261);
insert into coordinates (id, x, y) values (39, 28.153607, 120.692025);
insert into coordinates (id, x, y) values (40, 29.926771, 121.615088);
insert into coordinates (id, x, y) values (41, 49.9727767, 21.5148018);
insert into coordinates (id, x, y) values (42, 37.6346281, -97.2383178);
insert into coordinates (id, x, y) values (43, 18.158235, 120.644135);
insert into coordinates (id, x, y) values (44, 52.2428641, 18.0927297);
insert into coordinates (id, x, y) values (45, 33.437877, 113.609286);
insert into coordinates (id, x, y) values (46, -34.6824081, -58.5146668);
insert into coordinates (id, x, y) values (47, 45.1099868, 20.7477906);
insert into coordinates (id, x, y) values (48, -7.0392183, 109.9020509);
insert into coordinates (id, x, y) values (49, 15.3098003, 119.9994908);
insert into coordinates (id, x, y) values (50, 1.4403744, 125.1216524);
insert into coordinates (id, x, y) values (51, 48.9580793, 16.9851229);
insert into coordinates (id, x, y) values (52, 24.64995, 116.156645);
insert into coordinates (id, x, y) values (53, 8.4286368, 124.2876362);
insert into coordinates (id, x, y) values (54, -6.9424923, 111.5200007);
insert into coordinates (id, x, y) values (55, 48.7277622, 100.7724281);
insert into coordinates (id, x, y) values (56, 54.2125609, 24.5743709);
insert into coordinates (id, x, y) values (57, 49.3203637, 15.3266695);
insert into coordinates (id, x, y) values (58, 49.863612, -119.5644584);
insert into coordinates (id, x, y) values (59, 18.2291677, -78.1393397);
insert into coordinates (id, x, y) values (60, -24.7237668, 31.1995755);
insert into coordinates (id, x, y) values (61, -9.8012675, 37.9201751);
insert into coordinates (id, x, y) values (62, 14.7252329, 121.0400557);
insert into coordinates (id, x, y) values (63, 50.4305778, 18.1872242);
insert into coordinates (id, x, y) values (64, 60.4783655, 15.3710047);
insert into coordinates (id, x, y) values (65, 32.8279425, 13.3818345);
insert into coordinates (id, x, y) values (66, -20.1127536, 16.1610343);
insert into coordinates (id, x, y) values (67, 30.2676, 120.066439);
insert into coordinates (id, x, y) values (68, 39.9368237, 116.4442945);
insert into coordinates (id, x, y) values (69, 39.4546797, -8.398033);
insert into coordinates (id, x, y) values (70, 46.6975886, 15.90981);
insert into coordinates (id, x, y) values (71, -7.7929433, 110.3249238);
insert into coordinates (id, x, y) values (72, 51.56696, 15.53798);
insert into coordinates (id, x, y) values (73, 34.064463, 114.837888);
insert into coordinates (id, x, y) values (74, 22.512308, 110.079171);
insert into coordinates (id, x, y) values (75, 40.1858788, 22.002802);
insert into coordinates (id, x, y) values (76, -6.9144512, 107.4970353);
insert into coordinates (id, x, y) values (77, 65.3221906, 21.4337149);
insert into coordinates (id, x, y) values (78, 23.6837432, 57.9048938);
insert into coordinates (id, x, y) values (79, 38.135288, 114.397004);
insert into coordinates (id, x, y) values (80, 58.434681, 58.264291);
insert into coordinates (id, x, y) values (81, -17.5872806, 48.2219395);
insert into coordinates (id, x, y) values (82, 6.5999999, 124.8499985);
insert into coordinates (id, x, y) values (83, 14.5458392, 121.0044883);
insert into coordinates (id, x, y) values (84, 66.5583101, 67.7877623);
insert into coordinates (id, x, y) values (85, 28.286067, 109.429883);
insert into coordinates (id, x, y) values (86, 38.995854, 117.688815);
insert into coordinates (id, x, y) values (87, 55.4203835, 38.3673637);
insert into coordinates (id, x, y) values (88, 31.1713871, 31.6967438);
insert into coordinates (id, x, y) values (89, 49.9321242, 17.8000468);
insert into coordinates (id, x, y) values (90, 33.5147935, 130.4936331);
insert into coordinates (id, x, y) values (91, 52.7229746, 19.6926546);
insert into coordinates (id, x, y) values (92, 43.4945737, 5.8978018);
insert into coordinates (id, x, y) values (93, -19.6513424, 47.3266162);
insert into coordinates (id, x, y) values (94, 36.9392627, 137.5002748);
insert into coordinates (id, x, y) values (95, 59.9451756, 10.6392492);
insert into coordinates (id, x, y) values (96, -10.6823922, -76.2482052);
insert into coordinates (id, x, y) values (97, 39.7573054, 67.2728697);
insert into coordinates (id, x, y) values (98, 11.5012022, 122.3115616);
insert into coordinates (id, x, y) values (99, -9.9097428, 124.6248039);
insert into coordinates (id, x, y) values (100, 45.7646846, 4.861724);

insert into address (id, street, zip_code) values (1, '680 Mcbride Drive', '11822-0141');
insert into address (id, street, zip_code) values (2, '8 Summerview Street', '11822-0403');
insert into address (id, street, zip_code) values (3, '420 Donald Alley', '42806-096');
insert into address (id, street, zip_code) values (4, '38713 Sherman Crossing', '41163-374');
insert into address (id, street, zip_code) values (5, '8952 Brown Court', '0338-1109');
insert into address (id, street, zip_code) values (6, '790 Hudson Park', '16714-296');
insert into address (id, street, zip_code) values (7, '6 Monica Way', '0268-0857');
insert into address (id, street, zip_code) values (8, '222 Barby Plaza', '66993-090');
insert into address (id, street, zip_code) values (9, '9 Corben Drive', '61387-250');
insert into address (id, street, zip_code) values (10, '2 Anniversary Junction', '61919-987');
insert into address (id, street, zip_code) values (11, '5187 Rockefeller Park', '66579-0056');
insert into address (id, street, zip_code) values (12, '01525 Acker Lane', '52959-677');
insert into address (id, street, zip_code) values (13, '07204 Spaight Alley', '49349-346');
insert into address (id, street, zip_code) values (14, '328 Havey Plaza', '0615-7716');
insert into address (id, street, zip_code) values (15, '94 Shoshone Junction', '53113-266');
insert into address (id, street, zip_code) values (16, '8889 Goodland Plaza', '36987-3417');
insert into address (id, street, zip_code) values (17, '4173 Dakota Lane', '61748-046');
insert into address (id, street, zip_code) values (18, '4394 Quincy Lane', '11410-614');
insert into address (id, street, zip_code) values (19, '3 Stang Street', '68428-154');
insert into address (id, street, zip_code) values (20, '1054 Hagan Road', '0299-5765');
insert into address (id, street, zip_code) values (21, '9644 Comanche Point', '58914-301');
insert into address (id, street, zip_code) values (22, '63 Packers Terrace', '0245-0710');
insert into address (id, street, zip_code) values (23, '6 Oak Road', '65601-765');
insert into address (id, street, zip_code) values (24, '93 Mandrake Center', '11673-407');
insert into address (id, street, zip_code) values (25, '12 Roxbury Terrace', '65862-024');
insert into address (id, street, zip_code) values (26, '2289 Helena Place', '55154-3877');
insert into address (id, street, zip_code) values (27, '309 Holy Cross Street', '46122-032');
insert into address (id, street, zip_code) values (28, '10 High Crossing Point', '68382-177');
insert into address (id, street, zip_code) values (29, '7 Northwestern Avenue', '54868-4224');
insert into address (id, street, zip_code) values (30, '10581 Pond Trail', '63736-594');
insert into address (id, street, zip_code) values (31, '4 Holy Cross Point', '29300-139');
insert into address (id, street, zip_code) values (32, '1761 Pankratz Place', '68788-1738');
insert into address (id, street, zip_code) values (33, '0404 Artisan Park', '55154-1909');
insert into address (id, street, zip_code) values (34, '0138 Derek Hill', '57520-0262');
insert into address (id, street, zip_code) values (35, '5 Southridge Terrace', '76485-1015');
insert into address (id, street, zip_code) values (36, '2 Mitchell Junction', '49999-540');
insert into address (id, street, zip_code) values (37, '15568 Dixon Parkway', '51442-330');
insert into address (id, street, zip_code) values (38, '61043 West Avenue', '57627-155');
insert into address (id, street, zip_code) values (39, '5 Delaware Point', '57520-0111');
insert into address (id, street, zip_code) values (40, '5584 Raven Way', '68382-776');
insert into address (id, street, zip_code) values (41, '941 Old Gate Park', '44924-004');
insert into address (id, street, zip_code) values (42, '9 Meadow Valley Lane', '10221-002');
insert into address (id, street, zip_code) values (43, '11424 Coolidge Terrace', '47781-103');
insert into address (id, street, zip_code) values (44, '4 Grover Alley', '57520-0224');
insert into address (id, street, zip_code) values (45, '436 Hazelcrest Pass', '0143-9713');
insert into address (id, street, zip_code) values (46, '0334 Continental Crossing', '52125-154');
insert into address (id, street, zip_code) values (47, '20668 Mallard Place', '52125-680');
insert into address (id, street, zip_code) values (48, '2 Florence Point', '12090-0042');
insert into address (id, street, zip_code) values (49, '4 Cardinal Avenue', '36987-2952');
insert into address (id, street, zip_code) values (50, '1 Atwood Junction', '36987-3001');
insert into address (id, street, zip_code) values (51, '54636 Paget Hill', '13668-116');
insert into address (id, street, zip_code) values (52, '9 Chive Lane', '63323-128');
insert into address (id, street, zip_code) values (53, '8 Farwell Drive', '0093-1172');
insert into address (id, street, zip_code) values (54, '7 Hermina Plaza', '67457-257');
insert into address (id, street, zip_code) values (55, '4765 Morrow Circle', '49349-707');
insert into address (id, street, zip_code) values (56, '9398 Dawn Way', '49999-293');
insert into address (id, street, zip_code) values (57, '08696 Myrtle Junction', '0409-9257');
insert into address (id, street, zip_code) values (58, '53 Charing Cross Plaza', '65862-228');
insert into address (id, street, zip_code) values (59, '8 Meadow Vale Terrace', '42421-814');
insert into address (id, street, zip_code) values (60, '34646 Victoria Way', '68016-012');
insert into address (id, street, zip_code) values (61, '543 Ruskin Circle', '55312-357');
insert into address (id, street, zip_code) values (62, '8095 Cascade Hill', '10819-5000');
insert into address (id, street, zip_code) values (63, '8427 Truax Center', '0071-0417');
insert into address (id, street, zip_code) values (64, '376 Fulton Trail', '51079-895');
insert into address (id, street, zip_code) values (65, '9 Green Crossing', '75930-001');
insert into address (id, street, zip_code) values (66, '04942 Aberg Pass', '42291-705');
insert into address (id, street, zip_code) values (67, '279 Anthes Circle', '0132-8743');
insert into address (id, street, zip_code) values (68, '6 Merry Trail', '68382-030');
insert into address (id, street, zip_code) values (69, '62 Toban Hill', '49349-636');
insert into address (id, street, zip_code) values (70, '7529 Warrior Alley', '0006-4841');
insert into address (id, street, zip_code) values (71, '1329 Kipling Hill', '51393-7590');
insert into address (id, street, zip_code) values (72, '4294 Towne Terrace', '49349-238');
insert into address (id, street, zip_code) values (73, '06 Lukken Way', '65954-901');
insert into address (id, street, zip_code) values (74, '0 Ridge Oak Park', '55154-5009');
insert into address (id, street, zip_code) values (75, '1 Myrtle Trail', '56104-527');
insert into address (id, street, zip_code) values (76, '65852 Sachs Center', '24987-447');
insert into address (id, street, zip_code) values (77, '554 Corry Lane', '50563-162');
insert into address (id, street, zip_code) values (78, '43 Clemons Junction', '64942-1320');
insert into address (id, street, zip_code) values (79, '91 Rusk Trail', '55648-964');
insert into address (id, street, zip_code) values (80, '64131 1st Pass', '63402-712');
insert into address (id, street, zip_code) values (81, '95 Bobwhite Place', '30142-946');
insert into address (id, street, zip_code) values (82, '2 Meadow Valley Court', '43498-300');
insert into address (id, street, zip_code) values (83, '7 Center Pass', '68196-147');
insert into address (id, street, zip_code) values (84, '8 Gulseth Hill', '68745-1087');
insert into address (id, street, zip_code) values (85, '1 Bartillon Center', '52533-124');
insert into address (id, street, zip_code) values (86, '24941 Sunnyside Hill', '21695-314');
insert into address (id, street, zip_code) values (87, '98998 Emmet Terrace', '63972-007');
insert into address (id, street, zip_code) values (88, '855 Sachtjen Center', '69000-013');
insert into address (id, street, zip_code) values (89, '5 Cordelia Trail', '36800-194');
insert into address (id, street, zip_code) values (90, '91698 Graceland Pass', '49741-1004');
insert into address (id, street, zip_code) values (91, '226 Rigney Junction', '60905-0020');
insert into address (id, street, zip_code) values (92, '6921 Warner Trail', '59762-0045');
insert into address (id, street, zip_code) values (93, '149 East Parkway', '36987-3215');
insert into address (id, street, zip_code) values (94, '32289 Spaight Pass', '50242-135');
insert into address (id, street, zip_code) values (95, '1678 Gerald Pass', '37808-915');
insert into address (id, street, zip_code) values (96, '7 Tony Junction', '68786-218');
insert into address (id, street, zip_code) values (97, '48926 Cascade Plaza', '41520-213');
insert into address (id, street, zip_code) values (98, '0 Towne Circle', '49288-0629');
insert into address (id, street, zip_code) values (99, '797 Meadow Ridge Lane', '52125-827');
insert into address (id, street, zip_code) values (100, '91 Ryan Circle', '53942-522');
insert into organization (id, annual_turnover, creation_date, employees_count, full_name, name, type, coordinates_id, postal_address_id) values (1, 979234508, '2023-04-20 14:55:35', 8625, 'Medimetriks Pharmaceuticals, Inc.', 'Thoughtstorm', 'GOVERNMENT', 1, 1);
insert into organization (id, annual_turnover, creation_date, employees_count, full_name, name, type, coordinates_id, postal_address_id) values (2, 199448612, '2023-06-06 03:43:19', 6596, 'Nelco Laboratories, Inc.', 'Devpoint', 'COMMERCIAL', 2, 2);
insert into organization (id, annual_turnover, creation_date, employees_count, full_name, name, type, coordinates_id, postal_address_id) values (3, 334624536, '2023-08-29 21:45:47', 864, 'HYSAN PHARMACEUTICAL CO LTD', 'Oyoba', 'PRIVATE_LIMITED_COMPANY', 3, 3);
insert into organization (id, annual_turnover, creation_date, employees_count, full_name, name, type, coordinates_id, postal_address_id) values (4, 841079496, '2023-07-20 21:46:37', 7698, 'JAFRA COSMETICS INTERNATIONAL', 'Tanoodle', 'GOVERNMENT', 4, 4);
insert into organization (id, annual_turnover, creation_date, employees_count, full_name, name, type, coordinates_id, postal_address_id) values (5, 865836032, '2023-09-15 03:40:04', 5744, 'Babor Cosmetics America, Corp', 'Oloo', 'PUBLIC', 5, 5);
insert into organization (id, annual_turnover, creation_date, employees_count, full_name, name, type, coordinates_id, postal_address_id) values (6, 494451070, '2023-04-10 00:10:46', 6547, 'Origin Biomed Inc.', 'Agivu', 'PUBLIC', 6, 6);
insert into organization (id, annual_turnover, creation_date, employees_count, full_name, name, type, coordinates_id, postal_address_id) values (7, 658650134, '2023-03-28 11:05:30', 2162, 'Apotheca Company', 'Blogtag', 'GOVERNMENT', 7, 7);
insert into organization (id, annual_turnover, creation_date, employees_count, full_name, name, type, coordinates_id, postal_address_id) values (8, 688517226, '2023-08-16 00:38:00', 320, 'Rebel Distributors Corp', 'Zoombeat', 'PUBLIC', 8, 8);
insert into organization (id, annual_turnover, creation_date, employees_count, full_name, name, type, coordinates_id, postal_address_id) values (9, 116414317, '2023-09-11 07:12:22', 1615, 'SJ Creations, Inc.', 'Livefish', 'COMMERCIAL', 9, 9);
insert into organization (id, annual_turnover, creation_date, employees_count, full_name, name, type, coordinates_id, postal_address_id) values (10, 547116017, '2023-04-03 04:57:00', 5644, 'Allermed Laboratories, Inc.', 'Oyoba', 'GOVERNMENT', 10, 10);
insert into organization (id, annual_turnover, creation_date, employees_count, full_name, name, type, coordinates_id, postal_address_id) values (11, 924156269, '2022-12-11 02:45:58', 3433, 'Pfizer Laboratories Div Pfizer Inc', 'Leenti', 'GOVERNMENT', 11, 11);
insert into organization (id, annual_turnover, creation_date, employees_count, full_name, name, type, coordinates_id, postal_address_id) values (12, 157057498, '2023-01-17 18:28:48', 5133, 'Lanocorp Pacific Ltd', 'Vimbo', 'GOVERNMENT', 12, 12);
insert into organization (id, annual_turnover, creation_date, employees_count, full_name, name, type, coordinates_id, postal_address_id) values (13, 407580136, '2023-01-14 12:56:01', 1048, 'CVS Pharmacy', 'Youtags', 'PUBLIC', 13, 13);
insert into organization (id, annual_turnover, creation_date, employees_count, full_name, name, type, coordinates_id, postal_address_id) values (14, 335929773, '2023-02-28 10:24:22', 3252, 'Patterson Dental Supply Inc', 'Digitube', 'GOVERNMENT', 14, 14);
insert into organization (id, annual_turnover, creation_date, employees_count, full_name, name, type, coordinates_id, postal_address_id) values (15, 558953956, '2023-01-07 12:55:51', 7807, 'Akorn, Inc.', 'Skinte', 'GOVERNMENT', 15, 15);
insert into organization (id, annual_turnover, creation_date, employees_count, full_name, name, type, coordinates_id, postal_address_id) values (16, 339142360, '2023-05-29 02:03:47', 4030, 'Allergy Laboratories, Inc.', 'Browsetype', 'PUBLIC', 16, 16);
insert into organization (id, annual_turnover, creation_date, employees_count, full_name, name, type, coordinates_id, postal_address_id) values (17, 452483963, '2023-03-22 12:42:56', 3880, 'Dermalogica', 'Realcube', 'GOVERNMENT', 17, 17);
insert into organization (id, annual_turnover, creation_date, employees_count, full_name, name, type, coordinates_id, postal_address_id) values (18, 527219940, '2023-11-05 08:51:41', 5974, 'Meijer Distribution Inc', 'Voomm', 'PUBLIC', 18, 18);
insert into organization (id, annual_turnover, creation_date, employees_count, full_name, name, type, coordinates_id, postal_address_id) values (19, 451736667, '2023-09-09 03:35:58', 8840, 'Apotheca Company', 'Topicshots', 'PRIVATE_LIMITED_COMPANY', 19, 19);
insert into organization (id, annual_turnover, creation_date, employees_count, full_name, name, type, coordinates_id, postal_address_id) values (20, 300599964, '2023-06-22 00:55:17', 5748, 'Heritage Pharmaceuticals Inc', 'Voomm', 'COMMERCIAL', 20, 20);
insert into organization (id, annual_turnover, creation_date, employees_count, full_name, name, type, coordinates_id, postal_address_id) values (21, 708675680, '2023-05-01 04:27:23', 403, 'Aphena Pharma Solutions - Tennessee, LLC', 'Meeveo', 'PUBLIC', 21, 21);
insert into organization (id, annual_turnover, creation_date, employees_count, full_name, name, type, coordinates_id, postal_address_id) values (22, 58849809, '2023-03-23 14:11:02', 8854, 'SuperValu (Equaline)', 'Realmix', 'GOVERNMENT', 22, 22);
insert into organization (id, annual_turnover, creation_date, employees_count, full_name, name, type, coordinates_id, postal_address_id) values (23, 235359912, '2023-04-01 17:54:40', 8607, 'Procter & Gamble Manufacturing Company', 'Jabbertype', 'PRIVATE_LIMITED_COMPANY', 23, 23);
insert into organization (id, annual_turnover, creation_date, employees_count, full_name, name, type, coordinates_id, postal_address_id) values (24, 164764170, '2023-08-16 19:27:09', 7520, 'Napoleon Perdis Cosmetics, Inc', 'Buzzdog', 'PRIVATE_LIMITED_COMPANY', 24, 24);
insert into organization (id, annual_turnover, creation_date, employees_count, full_name, name, type, coordinates_id, postal_address_id) values (25, 932958921, '2023-08-02 02:13:43', 292, 'Glenmark Generics Inc., USA', 'Midel', 'PUBLIC', 25, 25);
insert into organization (id, annual_turnover, creation_date, employees_count, full_name, name, type, coordinates_id, postal_address_id) values (26, 999987612, '2023-09-01 03:40:56', 2090, 'Zydus Pharmaceuticals (USA) Inc.', 'Photobug', 'PUBLIC', 26, 26);
insert into organization (id, annual_turnover, creation_date, employees_count, full_name, name, type, coordinates_id, postal_address_id) values (27, 348184377, '2023-10-22 21:20:00', 3455, 'Citron Pharma LLC', 'Youtags', 'GOVERNMENT', 27, 27);
insert into organization (id, annual_turnover, creation_date, employees_count, full_name, name, type, coordinates_id, postal_address_id) values (28, 121039765, '2023-10-09 03:02:17', 5208, 'Teva Parenteral Medicines, Inc.', 'Riffpedia', 'GOVERNMENT', 28, 28);
insert into organization (id, annual_turnover, creation_date, employees_count, full_name, name, type, coordinates_id, postal_address_id) values (29, 857682789, '2023-10-24 04:43:30', 5177, 'Deseret Biologicals, Inc.', 'Skyba', 'PUBLIC', 29, 29);
insert into organization (id, annual_turnover, creation_date, employees_count, full_name, name, type, coordinates_id, postal_address_id) values (30, 667645850, '2023-08-12 20:48:30', 9940, 'ALK-Abello, Inc.', 'Realcube', 'PRIVATE_LIMITED_COMPANY', 30, 30);
insert into organization (id, annual_turnover, creation_date, employees_count, full_name, name, type, coordinates_id, postal_address_id) values (31, 495642578, '2023-11-24 07:13:49', 1893, 'WOCKHARDT LIMITED', 'Trudoo', 'COMMERCIAL', 31, 31);
insert into organization (id, annual_turnover, creation_date, employees_count, full_name, name, type, coordinates_id, postal_address_id) values (32, 152650846, '2023-06-18 21:58:26', 8235, 'Jets, Sets, & Elephants Beauty Corp.', 'Yombu', 'COMMERCIAL', 32, 32);
insert into organization (id, annual_turnover, creation_date, employees_count, full_name, name, type, coordinates_id, postal_address_id) values (33, 833068935, '2023-10-03 19:32:02', 879, 'Physicians Total Care, Inc.', 'Npath', 'COMMERCIAL', 33, 33);
insert into organization (id, annual_turnover, creation_date, employees_count, full_name, name, type, coordinates_id, postal_address_id) values (34, 570299511, '2023-10-16 22:38:04', 5081, 'Cardinal Health (Leader)', 'Vinder', 'PRIVATE_LIMITED_COMPANY', 34, 34);
insert into organization (id, annual_turnover, creation_date, employees_count, full_name, name, type, coordinates_id, postal_address_id) values (35, 349313337, '2022-12-21 08:22:52', 1951, 'Natural Creations, Inc.', 'Eamia', 'PUBLIC', 35, 35);
insert into organization (id, annual_turnover, creation_date, employees_count, full_name, name, type, coordinates_id, postal_address_id) values (36, 539584197, '2023-09-03 10:47:04', 7918, 'Walgreen Company', 'Twimbo', 'PUBLIC', 36, 36);
insert into organization (id, annual_turnover, creation_date, employees_count, full_name, name, type, coordinates_id, postal_address_id) values (37, 998771210, '2023-10-23 01:07:52', 3757, 'Lake Erie Medical DBA Quality Care Products LLC', 'Avamba', 'COMMERCIAL', 37, 37);
insert into organization (id, annual_turnover, creation_date, employees_count, full_name, name, type, coordinates_id, postal_address_id) values (38, 542317593, '2023-10-12 14:30:28', 4967, 'NCS HealthCare of KY, Inc dba Vangard Labs', 'Skilith', 'PRIVATE_LIMITED_COMPANY', 38, 38);
insert into organization (id, annual_turnover, creation_date, employees_count, full_name, name, type, coordinates_id, postal_address_id) values (39, 267174959, '2023-01-29 13:16:51', 8827, 'Caldwell Consumer Health LLC', 'Talane', 'GOVERNMENT', 39, 39);
insert into organization (id, annual_turnover, creation_date, employees_count, full_name, name, type, coordinates_id, postal_address_id) values (40, 539793704, '2023-09-19 07:09:03', 4349, 'SHISEIDO CO., LTD.', 'Jaxworks', 'GOVERNMENT', 40, 40);
insert into organization (id, annual_turnover, creation_date, employees_count, full_name, name, type, coordinates_id, postal_address_id) values (41, 739803052, '2023-08-27 15:27:36', 3845, 'PUR MINERALS', 'Trilia', 'COMMERCIAL', 41, 41);
insert into organization (id, annual_turnover, creation_date, employees_count, full_name, name, type, coordinates_id, postal_address_id) values (42, 654601224, '2022-12-06 22:55:57', 2718, 'AnazaoHealth Corporation', 'Katz', 'GOVERNMENT', 42, 42);
insert into organization (id, annual_turnover, creation_date, employees_count, full_name, name, type, coordinates_id, postal_address_id) values (43, 831289241, '2023-11-21 14:06:43', 5140, 'REMEDYREPACK INC.', 'Trudoo', 'COMMERCIAL', 43, 43);
insert into organization (id, annual_turnover, creation_date, employees_count, full_name, name, type, coordinates_id, postal_address_id) values (44, 248126049, '2023-10-27 12:36:53', 7130, 'Inel Cosmetics Co., Ltd.', 'Demimbu', 'PRIVATE_LIMITED_COMPANY', 44, 44);
insert into organization (id, annual_turnover, creation_date, employees_count, full_name, name, type, coordinates_id, postal_address_id) values (45, 670232355, '2023-06-17 04:50:01', 2263, 'Laboratoires Clarins S.A', 'Geba', 'PRIVATE_LIMITED_COMPANY', 45, 45);
insert into organization (id, annual_turnover, creation_date, employees_count, full_name, name, type, coordinates_id, postal_address_id) values (46, 843273632, '2023-01-26 14:19:49', 4329, 'Cardinal Health', 'DabZ', 'COMMERCIAL', 46, 46);
insert into organization (id, annual_turnover, creation_date, employees_count, full_name, name, type, coordinates_id, postal_address_id) values (47, 899174111, '2023-05-16 08:13:53', 4061, 'State of Florida DOH Central Pharmacy', 'Camido', 'GOVERNMENT', 47, 47);
insert into organization (id, annual_turnover, creation_date, employees_count, full_name, name, type, coordinates_id, postal_address_id) values (48, 510250550, '2023-02-21 04:31:44', 8231, 'REMEDYREPACK INC.', 'Jabberstorm', 'GOVERNMENT', 48, 48);
insert into organization (id, annual_turnover, creation_date, employees_count, full_name, name, type, coordinates_id, postal_address_id) values (49, 808346647, '2023-09-18 05:10:06', 6836, 'Hospira, Inc.', 'Podcat', 'GOVERNMENT', 49, 49);
insert into organization (id, annual_turnover, creation_date, employees_count, full_name, name, type, coordinates_id, postal_address_id) values (50, 92291375, '2022-12-28 11:33:27', 4006, 'McKesson', 'Browsecat', 'PRIVATE_LIMITED_COMPANY', 50, 50);
insert into organization (id, annual_turnover, creation_date, employees_count, full_name, name, type, coordinates_id, postal_address_id) values (51, 929899085, '2023-04-30 07:06:15', 521, 'Major Pharmaceuticals', 'Yadel', 'GOVERNMENT', 51, 51);
insert into organization (id, annual_turnover, creation_date, employees_count, full_name, name, type, coordinates_id, postal_address_id) values (52, 585716266, '2023-07-07 19:40:31', 564, 'The Great Atlantic & Pacific Tea Company', 'Agimba', 'PRIVATE_LIMITED_COMPANY', 52, 52);
insert into organization (id, annual_turnover, creation_date, employees_count, full_name, name, type, coordinates_id, postal_address_id) values (53, 559125053, '2023-09-25 19:05:33', 6603, 'Astellas Pharma US, Inc.', 'Jabbersphere', 'GOVERNMENT', 53, 53);
insert into organization (id, annual_turnover, creation_date, employees_count, full_name, name, type, coordinates_id, postal_address_id) values (54, 274627738, '2023-04-11 18:26:47', 7637, 'Jafra Cosmetics International Inc', 'Twitterbeat', 'PRIVATE_LIMITED_COMPANY', 54, 54);
insert into organization (id, annual_turnover, creation_date, employees_count, full_name, name, type, coordinates_id, postal_address_id) values (55, 262455976, '2023-08-16 02:53:40', 3392, 'Procter & Gamble Manufacturing Co.', 'Topicblab', 'PRIVATE_LIMITED_COMPANY', 55, 55);
insert into organization (id, annual_turnover, creation_date, employees_count, full_name, name, type, coordinates_id, postal_address_id) values (56, 843367115, '2023-02-26 01:04:08', 8008, 'Dispensing Solutions, Inc.', 'Fatz', 'COMMERCIAL', 56, 56);
insert into organization (id, annual_turnover, creation_date, employees_count, full_name, name, type, coordinates_id, postal_address_id) values (57, 205612209, '2023-02-09 02:21:20', 4669, 'McKesson Contract Packaging', 'Shuffledrive', 'PRIVATE_LIMITED_COMPANY', 57, 57);
insert into organization (id, annual_turnover, creation_date, employees_count, full_name, name, type, coordinates_id, postal_address_id) values (58, 129357089, '2023-04-27 17:36:38', 8702, 'Physicians Total Care, Inc.', 'Dabvine', 'PRIVATE_LIMITED_COMPANY', 58, 58);
insert into organization (id, annual_turnover, creation_date, employees_count, full_name, name, type, coordinates_id, postal_address_id) values (59, 224591315, '2023-03-01 06:38:15', 6771, 'Med-Health Pharma, LLC', 'Abatz', 'COMMERCIAL', 59, 59);
insert into organization (id, annual_turnover, creation_date, employees_count, full_name, name, type, coordinates_id, postal_address_id) values (60, 653492111, '2023-07-05 11:12:37', 2801, 'REMEDYREPACK INC.', 'Tagtune', 'GOVERNMENT', 60, 60);
insert into organization (id, annual_turnover, creation_date, employees_count, full_name, name, type, coordinates_id, postal_address_id) values (61, 115041201, '2023-05-13 18:05:55', 6146, 'Lineage Therapeutics Inc', 'Dynava', 'PUBLIC', 61, 61);
insert into organization (id, annual_turnover, creation_date, employees_count, full_name, name, type, coordinates_id, postal_address_id) values (62, 450318386, '2023-03-28 08:32:05', 452, 'State of Florida DOH Central Pharmacy', 'Kamba', 'PUBLIC', 62, 62);
insert into organization (id, annual_turnover, creation_date, employees_count, full_name, name, type, coordinates_id, postal_address_id) values (63, 896856243, '2023-01-25 02:10:28', 9243, 'Aphena Pharma Solutions - Tennessee, Inc.', 'Bluejam', 'COMMERCIAL', 63, 63);
insert into organization (id, annual_turnover, creation_date, employees_count, full_name, name, type, coordinates_id, postal_address_id) values (64, 305480002, '2023-11-06 12:49:06', 3358, 'Quality Home Products', 'Oloo', 'COMMERCIAL', 64, 64);
insert into organization (id, annual_turnover, creation_date, employees_count, full_name, name, type, coordinates_id, postal_address_id) values (65, 761789657, '2023-01-23 10:52:48', 8937, 'Hello Products LLC', 'Mynte', 'GOVERNMENT', 65, 65);
insert into organization (id, annual_turnover, creation_date, employees_count, full_name, name, type, coordinates_id, postal_address_id) values (66, 411173333, '2023-01-26 19:23:58', 1475, 'Matrixx Initiatives, Inc.', 'Zoonder', 'PUBLIC', 66, 66);
insert into organization (id, annual_turnover, creation_date, employees_count, full_name, name, type, coordinates_id, postal_address_id) values (67, 852401401, '2023-03-11 19:51:40', 8091, 'Wyeth BioPharma Division of Wyeth Pharmaceuticals Inc., a subsidiary of Pfizer Inc.', 'Feednation', 'GOVERNMENT', 67, 67);
insert into organization (id, annual_turnover, creation_date, employees_count, full_name, name, type, coordinates_id, postal_address_id) values (68, 199317722, '2023-01-24 23:52:10', 5626, 'McKesson', 'Oba', 'GOVERNMENT', 68, 68);
insert into organization (id, annual_turnover, creation_date, employees_count, full_name, name, type, coordinates_id, postal_address_id) values (69, 278205699, '2023-03-04 13:54:38', 9872, 'Genzyme Corporation', 'Jaxbean', 'PRIVATE_LIMITED_COMPANY', 69, 69);
insert into organization (id, annual_turnover, creation_date, employees_count, full_name, name, type, coordinates_id, postal_address_id) values (70, 752842560, '2023-07-02 09:29:28', 4165, 'Topco Associates LLC', 'Bubblebox', 'PRIVATE_LIMITED_COMPANY', 70, 70);
insert into organization (id, annual_turnover, creation_date, employees_count, full_name, name, type, coordinates_id, postal_address_id) values (71, 498082680, '2023-03-11 22:18:49', 8896, 'McKesson', 'Oloo', 'GOVERNMENT', 71, 71);
insert into organization (id, annual_turnover, creation_date, employees_count, full_name, name, type, coordinates_id, postal_address_id) values (72, 268325800, '2023-08-23 04:44:21', 6016, 'Mylan Institutional LLC', 'Skalith', 'PRIVATE_LIMITED_COMPANY', 72, 72);
insert into organization (id, annual_turnover, creation_date, employees_count, full_name, name, type, coordinates_id, postal_address_id) values (73, 829105318, '2023-02-11 06:59:35', 8010, 'New Horizon Rx Group, LLC', 'Dabvine', 'PRIVATE_LIMITED_COMPANY', 73, 73);
insert into organization (id, annual_turnover, creation_date, employees_count, full_name, name, type, coordinates_id, postal_address_id) values (74, 425727986, '2023-02-03 23:37:37', 122, 'Shopko Stores Operating Co., LLC.', 'Edgetag', 'COMMERCIAL', 74, 74);
insert into organization (id, annual_turnover, creation_date, employees_count, full_name, name, type, coordinates_id, postal_address_id) values (75, 790760583, '2023-02-15 19:18:43', 7524, 'Lake Erie Medical DBA Quality Care Products LLC', 'Tagpad', 'GOVERNMENT', 75, 75);
insert into organization (id, annual_turnover, creation_date, employees_count, full_name, name, type, coordinates_id, postal_address_id) values (76, 885511890, '2023-01-06 07:27:47', 185, 'Novartis Consumer Health', 'Oozz', 'PRIVATE_LIMITED_COMPANY', 76, 76);
insert into organization (id, annual_turnover, creation_date, employees_count, full_name, name, type, coordinates_id, postal_address_id) values (77, 949505377, '2023-04-19 02:50:56', 3742, 'Energizer Personal Care LLC', 'Brainlounge', 'GOVERNMENT', 77, 77);
insert into organization (id, annual_turnover, creation_date, employees_count, full_name, name, type, coordinates_id, postal_address_id) values (78, 610049848, '2023-11-16 19:59:42', 8275, 'Janssen Pharmaceuticals, Inc.', 'Kamba', 'COMMERCIAL', 78, 78);
insert into organization (id, annual_turnover, creation_date, employees_count, full_name, name, type, coordinates_id, postal_address_id) values (79, 545005721, '2023-07-24 04:48:24', 7209, 'Physicians Total Care, Inc.', 'Ailane', 'COMMERCIAL', 79, 79);
insert into organization (id, annual_turnover, creation_date, employees_count, full_name, name, type, coordinates_id, postal_address_id) values (80, 332769997, '2023-10-14 11:31:10', 6114, 'Tarte, Inc', 'Leexo', 'PUBLIC', 80, 80);
insert into organization (id, annual_turnover, creation_date, employees_count, full_name, name, type, coordinates_id, postal_address_id) values (81, 390657168, '2023-09-06 20:25:50', 4397, 'REMEDYREPACK INC.', 'Roodel', 'PRIVATE_LIMITED_COMPANY', 81, 81);
insert into organization (id, annual_turnover, creation_date, employees_count, full_name, name, type, coordinates_id, postal_address_id) values (82, 979995529, '2023-05-16 16:02:29', 2263, 'GlaxoSmithKline LLC', 'Einti', 'GOVERNMENT', 82, 82);
insert into organization (id, annual_turnover, creation_date, employees_count, full_name, name, type, coordinates_id, postal_address_id) values (83, 205548741, '2023-06-14 12:33:34', 1779, 'LG Household and Healthcare, Inc.', 'Quimba', 'GOVERNMENT', 83, 83);
insert into organization (id, annual_turnover, creation_date, employees_count, full_name, name, type, coordinates_id, postal_address_id) values (84, 806572410, '2023-10-31 04:12:24', 9257, 'Cardinal Health', 'Eare', 'GOVERNMENT', 84, 84);
insert into organization (id, annual_turnover, creation_date, employees_count, full_name, name, type, coordinates_id, postal_address_id) values (85, 659227216, '2023-09-25 04:40:37', 8971, 'Lake Erie Medical & Surgical Supply DBA Quality Care Products LLC', 'Tekfly', 'COMMERCIAL', 85, 85);
insert into organization (id, annual_turnover, creation_date, employees_count, full_name, name, type, coordinates_id, postal_address_id) values (86, 172972344, '2023-10-06 23:00:30', 3571, 'Forest Laboratories, Inc', 'Devpoint', 'COMMERCIAL', 86, 86);
insert into organization (id, annual_turnover, creation_date, employees_count, full_name, name, type, coordinates_id, postal_address_id) values (87, 538542199, '2023-06-28 04:46:41', 7560, 'Forest Laboratories, Inc', 'Agivu', 'PRIVATE_LIMITED_COMPANY', 87, 87);
insert into organization (id, annual_turnover, creation_date, employees_count, full_name, name, type, coordinates_id, postal_address_id) values (88, 16850810, '2023-06-03 01:35:09', 8502, 'The Dial Corporation', 'Jayo', 'PRIVATE_LIMITED_COMPANY', 88, 88);
insert into organization (id, annual_turnover, creation_date, employees_count, full_name, name, type, coordinates_id, postal_address_id) values (89, 50887210, '2023-04-13 20:55:43', 4260, 'Warner Chilcott (US), LLC', 'Oyope', 'COMMERCIAL', 89, 89);
insert into organization (id, annual_turnover, creation_date, employees_count, full_name, name, type, coordinates_id, postal_address_id) values (90, 918862089, '2023-10-21 12:23:45', 8420, 'MAYINGLONG PHARMACEUTICAL GROUP CO LTD', 'Yambee', 'GOVERNMENT', 90, 90);
insert into organization (id, annual_turnover, creation_date, employees_count, full_name, name, type, coordinates_id, postal_address_id) values (91, 21738356, '2023-05-03 07:38:02', 1329, 'Sandoz Inc', 'Zooveo', 'GOVERNMENT', 91, 91);
insert into organization (id, annual_turnover, creation_date, employees_count, full_name, name, type, coordinates_id, postal_address_id) values (92, 567453348, '2023-03-25 13:42:27', 8412, 'Natural Health Supply', 'Rhynyx', 'GOVERNMENT', 92, 92);
insert into organization (id, annual_turnover, creation_date, employees_count, full_name, name, type, coordinates_id, postal_address_id) values (93, 18443045, '2023-10-21 04:39:35', 1258, 'Genter Healthcare, Inc', 'Chatterbridge', 'PUBLIC', 93, 93);
insert into organization (id, annual_turnover, creation_date, employees_count, full_name, name, type, coordinates_id, postal_address_id) values (94, 660844457, '2023-10-11 16:44:10', 2621, 'Humex,Inc.', 'Oyonder', 'COMMERCIAL', 94, 94);
insert into organization (id, annual_turnover, creation_date, employees_count, full_name, name, type, coordinates_id, postal_address_id) values (95, 61071193, '2023-02-26 02:17:12', 1804, 'Parfums Christian Dior', 'Skyba', 'COMMERCIAL', 95, 95);
insert into organization (id, annual_turnover, creation_date, employees_count, full_name, name, type, coordinates_id, postal_address_id) values (96, 187163786, '2023-11-16 19:01:13', 2251, 'Wockhardt Limited', 'Pixope', 'COMMERCIAL', 96, 96);
insert into organization (id, annual_turnover, creation_date, employees_count, full_name, name, type, coordinates_id, postal_address_id) values (97, 179995565, '2023-03-12 01:01:40', 7639, 'Compressed Gases Inc', 'Tagcat', 'PUBLIC', 97, 97);
insert into organization (id, annual_turnover, creation_date, employees_count, full_name, name, type, coordinates_id, postal_address_id) values (98, 495617334, '2023-04-19 21:16:57', 5832, 'Teva Parenteral Medicines, Inc.', 'Zoomcast', 'PUBLIC', 98, 98);
insert into organization (id, annual_turnover, creation_date, employees_count, full_name, name, type, coordinates_id, postal_address_id) values (99, 449574623, '2023-08-11 23:07:21', 465, 'Dispensing Solutions, Inc.', 'Dynazzy', 'COMMERCIAL', 99, 99);
insert into organization (id, annual_turnover, creation_date, employees_count, full_name, name, type, coordinates_id, postal_address_id) values (100, 31546903, '2023-09-05 05:00:47', 4235, 'Afflink, Inc.', 'Podcat', 'COMMERCIAL', 100, 100);
